state,aa,ai,v,ap

none,0.0560747663551,0.018691588785,0.299065420561,0.485981308411

